letter,frequency
a,0.08167
e,0.12702
b,0.01492
t,0.09056
c,0.02782
d,0.04253
o,0.07507
i,0.06966
f,0.02228
n,0.06749
g,0.02015
s,0.06327
h,0.06094
r,0.05987
j,0.00153
k,0.00772
l,0.04025
m,0.02406
u,0.02758
w,0.02360
p,0.01929
q,0.00095
y,0.01974
v,0.00978
x,0.00150
z,0.00074
